{"name":"b097a3b4-84a8-48f1-9b5f-7f2143eab55a","id":"/providers/Microsoft.Flow/flows/b097a3b4-84a8-48f1-9b5f-7f2143eab55a","type":"Microsoft.Flow/flows","properties":{"apiId":"/providers/Microsoft.PowerApps/apis/shared_logicflows","displayName":"PowerApp -> Response","definition":{"metadata":{"workflowEntityId":null,"creator":{"id":"b87ca622-a276-4ff7-ad21-4aed47d677c8","type":"User","tenantId":"72f988bf-86f1-41af-91ab-2d7cd011db47"},"provisioningMethod":"FromDefinition","failureAlertSubscription":true,"clientLastModifiedTime":"2019-08-27T17:52:07.0400913Z"},"$schema":"https://schema.management.azure.com/providers/Microsoft.Logic/schemas/2016-06-01/workflowdefinition.json#","contentVersion":"1.0.0.0","parameters":{"$authentication":{"defaultValue":{},"type":"SecureObject"}},"triggers":{"manual":{"type":"Request","kind":"PowerApp","inputs":{"schema":{"type":"object","properties":{},"required":[]}}}},"actions":{"Response":{"runAfter":{},"type":"Response","kind":"Http","inputs":{"statusCode":200}}}},"connectionReferences":{},"flowFailureAlertSubscribed":false}}