{"name":"512e7026-b224-4f54-aca1-44ca6bdef4ec","id":"/providers/Microsoft.Flow/flows/512e7026-b224-4f54-aca1-44ca6bdef4ec","type":"Microsoft.Flow/flows","properties":{"apiId":"/providers/Microsoft.PowerApps/apis/shared_logicflows","displayName":"CallRecognizerFunction","definition":{"metadata":{"workflowEntityId":null,"processAdvisorMetadata":null,"flowclientsuspensionreason":"None","flowclientsuspensiontime":null,"creator":{"id":"b87ca622-a276-4ff7-ad21-4aed47d677c8","type":"User","tenantId":"72f988bf-86f1-41af-91ab-2d7cd011db47"},"provisioningMethod":"FromDefinition","failureAlertSubscription":true,"clientLastModifiedTime":"2021-12-02T19:07:02.9980296Z"},"$schema":"https://schema.management.azure.com/providers/Microsoft.Logic/schemas/2016-06-01/workflowdefinition.json#","contentVersion":"1.0.0.0","parameters":{"$authentication":{"defaultValue":{},"type":"SecureObject"}},"triggers":{"manual":{"metadata":{"operationMetadataId":"f472b764-3837-42de-9b95-aeb1ffd73e12"},"type":"Request","kind":"PowerApp","inputs":{"schema":{"type":"object","properties":{"OpticalCharacterRecognition(OCR)toJSON_ImageURL":{"type":"string","description":"URL of the image to analyze","x-ms-powerflows-param-ispartial":false}},"required":["OpticalCharacterRecognition(OCR)toJSON_ImageURL"]}}}},"actions":{"Response":{"runAfter":{"HTTP_-_RecognizeText_Azure_Function":["Succeeded"]},"metadata":{"operationMetadataId":"3a095f32-2c94-4506-aadb-482ad6dcfb5b"},"type":"Response","kind":"Http","inputs":{"statusCode":200,"body":"@body('HTTP_-_RecognizeText_Azure_Function')","schema":{"type":"object","properties":{"serialNumber":{"type":"array","items":{"type":"string"}},"modelNumber":{"type":"array","items":{"type":"string"}},"manufacturer":{"type":"string"}}}}},"HTTP_-_RecognizeText_Azure_Function":{"runAfter":{},"metadata":{"operationMetadataId":"4ad26ff0-68ef-4e0b-85ce-0a48ef47aefd"},"type":"Http","inputs":{"method":"POST","uri":"https://nameplateviewer.azurewebsites.net/api/NameplateRecognizer?code=kBmkxVIbpT46rbKPVLEkdXYdw6f4ncMyqTW2DlQt5mTmMP2hsSqp/A==","body":{"imageUrl":"@{triggerBody()['OpticalCharacterRecognition(OCR)toJSON_ImageURL']}"}}}},"outputs":{},"description":"Create one or more actions to happen when a button or link in PowerApps is selected. To use this flow from a PowerApp, select the control you want to trigger the flow and go to the Action tab in the PowerApps ribbon and select Flows."},"connectionReferences":{},"flowFailureAlertSubscribed":false}}