{"schemaVersion":"1.0","appDefinitionTemplate":{"id":"/providers/Microsoft.PowerApps/apps/","type":"Microsoft.PowerApps/apps","tags":{"minimumRequiredApiVersion":"2.2.0","sienaVersion":"20190726T204720Z-3.19071.12.0"},"properties":{"appVersion":"2019-07-26T20:47:20Z","lifeCycleId":"Published","createdByClientVersion":{"major":3,"minor":19072,"build":9,"revision":0,"majorRevision":0,"minorRevision":0},"minClientVersion":{"major":3,"minor":19072,"build":9,"revision":0,"majorRevision":0,"minorRevision":0},"backgroundColor":"rgba(0, 176, 240, 1)","backgroundImageUri":"/4574566502376533920/N44e8cf5c-698f-415e-8c7b-4d1c1d23fcf6-Nbaced408-ddb4-4721-9d8d-6580c2212cfa-logoSmallFile","displayName":"NamePlateRecognizer","description":"","appUris":{"documentUri":{"value":"/4574566502376533920/N3f2244e7-86ed-4a6f-a116-47af60ccd9a2-N3ce049b4-3858-48a2-aa4a-9793993e5156-document.msapp"},"imageUris":[]},"createdTime":"0001-01-01T00:00:00Z","lastModifiedTime":"0001-01-01T00:00:00Z","sharedGroupsCount":0,"sharedUsersCount":0,"icons":{"smallIconUri":"/4574566502376533920/Ne7f5670b-4b6d-4572-9588-3bb7d14d0490-N688a98ec-29ed-4be5-a32e-f7ca530738a8-small.png","mediumIconUri":"/4574566502376533920/N985a1a71-52c3-4163-81af-fc33872322d3-Nab4c512b-477d-4523-81ec-e9a4ded09cfb-medium.png","largeIconUri":"/4574566502376533920/N1d09fa8a-2182-40a3-b93d-d821d85e2613-N241d78a2-20e9-4e3d-90a8-32863e6d131d-large.png","wideIconUri":"/4574566502376533920/N84ea21c9-ec9f-4372-ba9c-f22b4b592e15-N9781960e-4cf6-4893-a43b-043f77c6a760-wide.png"},"connectionReferences":{"1fabef66-244d-4c30-be8e-13c1d801cb0a":{"id":"2e1de729-1ef0-46db-8ef6-04075ed3e33a","displayName":"Logic flows","iconUri":"https://resourcestackdeploy.blob.core.windows.net/scripts/13276078.png","dataSources":["CallRecognizerFunction"],"dependencies":[],"dependents":[],"parameterHints":{"workflowName":{"value":"8f4c22d5-088a-46f9-9ebf-12252dbe33ec"}},"isOnPremiseConnection":false,"bypassConsent":false,"dataSets":{},"apiTier":"Standard","isCustomApiConnection":false}},"databaseReferences":{},"almMode":"Solution","performanceOptimizationEnabled":true,"executionRestrictions":{"isTeamsOnly":false,"dataLossPreventionEvaluationResult":{"status":"Compliant","lastEvaluationDate":"2020-10-26T18:00:43.8289699Z","violationDetails":[]}}},"appType":"ClassicCanvasApp","appComponents":[]}}