{"schemaVersion":"1.0","appDefinitionTemplate":{"id":"/providers/Microsoft.PowerApps/apps/","type":"Microsoft.PowerApps/apps","tags":{"minimumRequiredApiVersion":"2.2.0","sienaVersion":"20190829T134920Z-3.19082.20.0","primaryDeviceWidth":"1024","primaryDeviceHeight":"768","deviceCapabilities":"webcam,location","supportsPortrait":"false","supportsLandscape":"true","primaryFormFactor":"Tablet","publisherVersion":"3.19082.20","hasComponent":"false"},"properties":{"appVersion":"2019-08-29T13:49:20Z","lifeCycleId":"Published","createdByClientVersion":{"major":3,"minor":19082,"build":20,"revision":0,"majorRevision":0,"minorRevision":0},"minClientVersion":{"major":3,"minor":19082,"build":20,"revision":0,"majorRevision":0,"minorRevision":0},"backgroundColor":"rgba(0, 176, 240, 1)","backgroundImageUri":"/4134695795739833471/Nddcf72d5-9b22-45e1-97e1-76ed261ed599-logoSmallFile","displayName":"NamePlateRecognizer_Camera","description":"","appUris":{"documentUri":{"value":"/4134695795739833471/N312c4c16-6cb6-47cf-b13d-3d3c2ba824d5-document.msapp"},"imageUris":[]},"createdTime":"0001-01-01T00:00:00Z","lastModifiedTime":"0001-01-01T00:00:00Z","sharedGroupsCount":0,"sharedUsersCount":0,"icons":{"smallIconUri":"/4134695795739833471/Nc1d59bf1-a994-47fd-8210-22dc4868b2e5-small.png","mediumIconUri":"/4134695795739833471/N65c412af-623f-4bec-951f-b66b966cc4cb-medium.png","largeIconUri":"/4134695795739833471/N3c75a037-1615-4480-9a0f-add3c4c8441a-large.png","wideIconUri":"/4134695795739833471/N0ced7dfa-19e8-48a5-a172-0eaa4fcdb8e3-wide.png"},"connectionReferences":{"1fabef66-244d-4c30-be8e-13c1d801cb0a":{"id":"2e1de729-1ef0-46db-8ef6-04075ed3e33a","displayName":"Logic flows","iconUri":"https://resourcestackdeploy.blob.core.windows.net/scripts/13276078.png","dataSources":["CallRecognizerFunction"],"dependencies":[],"dependents":[],"parameterHints":{"workflowName":{"value":"8f4c22d5-088a-46f9-9ebf-12252dbe33ec"}},"isOnPremiseConnection":false,"bypassConsent":false,"dataSets":{},"apiTier":"Standard","isCustomApiConnection":false},"6e40fcdd-c31e-40cc-aa09-3e793a5842e3":{"id":"07c5a959-3257-42ea-9af2-ce14ba42401d","displayName":"Azure Blob Storage","iconUri":"https://connectoricons-prod.azureedge.net/azureblob/icon_1.0.1234.1648.png","dataSources":["AzureBlobStorage"],"dependencies":[],"dependents":["ddd14d16-7a5a-4a26-ad6c-c4fb76a5888c"],"parameterHints":{},"isOnPremiseConnection":false,"sharedConnectionId":"c9787781-76b8-4f4c-bbc8-6f4bc01764d8","bypassConsent":false,"dataSets":{},"apiTier":"Standard","isCustomApiConnection":false},"ddd14d16-7a5a-4a26-ad6c-c4fb76a5888c":{"id":"2e1de729-1ef0-46db-8ef6-04075ed3e33a","displayName":"Logic flows","iconUri":"https://resourcestackdeploy.blob.core.windows.net/scripts/13276078.png","dataSources":["CallRecognizerFunctionWithBlob"],"dependencies":["6e40fcdd-c31e-40cc-aa09-3e793a5842e3"],"dependents":[],"parameterHints":{"workflowName":{"value":"6a41f11f-64ea-4d94-8f83-7ed3ce9f4434"},"6e40fcdd-c31e-40cc-aa09-3e793a5842e3":{"value":"shared_azureblob"}},"isOnPremiseConnection":false,"bypassConsent":false,"dataSets":{},"apiTier":"Standard","isCustomApiConnection":false},"ff68b5b6-29f4-4981-ba78-a55373011d89":{"id":"2e1de729-1ef0-46db-8ef6-04075ed3e33a","displayName":"Logic flows","iconUri":"https://resourcestackdeploy.blob.core.windows.net/scripts/13276078.png","dataSources":["PowerApp->Response"],"dependencies":[],"dependents":[],"parameterHints":{"workflowName":{"value":"36ad15b2-caa7-492e-9496-3dae2fc50f64"}},"isOnPremiseConnection":false,"bypassConsent":false,"dataSets":{},"apiTier":"Standard","isCustomApiConnection":false}},"databaseReferences":{},"almMode":"Solution","performanceOptimizationEnabled":true,"executionRestrictions":{"isTeamsOnly":false,"dataLossPreventionEvaluationResult":{"status":"Compliant","lastEvaluationDate":"2020-10-26T18:00:43.7664655Z","violationDetails":[]}}},"appType":"ClassicCanvasApp","appComponents":[]}}