{"name":"25501512-455d-4887-a215-ecfb2845d678","id":"/providers/Microsoft.Flow/flows/25501512-455d-4887-a215-ecfb2845d678","type":"Microsoft.Flow/flows","properties":{"apiId":"/providers/Microsoft.PowerApps/apis/shared_logicflows","displayName":"CallRecognizerFunctionWithBlob","definition":{"metadata":{"workflowEntityId":null,"creator":{"id":"b87ca622-a276-4ff7-ad21-4aed47d677c8","type":"User","tenantId":"72f988bf-86f1-41af-91ab-2d7cd011db47"},"provisioningMethod":"FromDefinition","failureAlertSubscription":true,"clientLastModifiedTime":"2019-08-12T21:02:34.9490337Z"},"$schema":"https://schema.management.azure.com/providers/Microsoft.Logic/schemas/2016-06-01/workflowdefinition.json#","contentVersion":"1.0.0.0","parameters":{"$connections":{"defaultValue":{},"type":"Object"},"$authentication":{"defaultValue":{},"type":"SecureObject"}},"triggers":{"manual":{"type":"Request","kind":"PowerApp","inputs":{"schema":{"type":"object","properties":{"ImageData_Inputs":{"type":"any","description":"Inputs.","x-ms-powerflows-param-ispartial":false}},"required":["ImageData_Inputs"]}}}},"actions":{"ImageData":{"runAfter":{},"type":"Compose","inputs":"@dataUriToBinary(triggerBody()['ImageData_Inputs'])"},"Create_blob":{"runAfter":{"BlobName":["Succeeded"]},"metadata":{"flowSystemMetadata":{"swaggerOperationId":"CreateFile"}},"type":"ApiConnection","inputs":{"host":{"connection":{"name":"@json(decodeBase64(triggerOutputs().headers['X-MS-APIM-Tokens']))['$connections']['shared_azureblob']['connectionId']"},"api":{"runtimeUrl":"https://unitedstates-002.azure-apim.net/apim/azureblob"}},"method":"post","body":"@outputs('ImageData')","headers":{"Content-Type":"image/png"},"path":"/datasets/default/files","queries":{"folderPath":"/imgs","name":"@{outputs('BlobName')}","queryParametersSingleEncoded":true},"authentication":{"type":"Raw","value":"@json(decodeBase64(triggerOutputs().headers['X-MS-APIM-Tokens']))['$ConnectionKey']"}},"runtimeConfiguration":{"contentTransfer":{"transferMode":"Chunked"}}},"BlobName":{"runAfter":{"ImageData":["Succeeded"]},"type":"Compose","inputs":"@concat(formatDateTime(utcNow(),'mmddyyyyhhmmssfff'),'-',rand(0,32000),'.png')"},"Response":{"runAfter":{"HTTP_-_RecognizeText_Azure_Function":["Succeeded"]},"type":"Response","kind":"Http","inputs":{"statusCode":200,"body":"@body('HTTP_-_RecognizeText_Azure_Function')","schema":{"type":"object","properties":{"serialNumber":{"type":"array","items":{"type":"string"}},"modelNumber":{"type":"array","items":{"type":"string"}},"manufacturer":{"type":"string"}}}}},"Create_SAS_URI_by_path":{"runAfter":{"Create_blob":["Succeeded"]},"metadata":{"flowSystemMetadata":{"swaggerOperationId":"CreateShareLinkByPath"}},"type":"ApiConnection","inputs":{"host":{"connection":{"name":"@json(decodeBase64(triggerOutputs().headers['X-MS-APIM-Tokens']))['$connections']['shared_azureblob']['connectionId']"},"api":{"runtimeUrl":"https://unitedstates-002.azure-apim.net/apim/azureblob"}},"method":"post","body":{"Permissions":"Read","StartTime":"@{utcNow()}","ExpiryTime":"@{addMinutes(utcNow(),1)}","AccessProtocol":"HttpsOnly"},"path":"/datasets/default/CreateSharedLinkByPath","queries":{"path":"@body('Create_blob')?['Path']"},"authentication":{"type":"Raw","value":"@json(decodeBase64(triggerOutputs().headers['X-MS-APIM-Tokens']))['$ConnectionKey']"}}},"HTTP_-_RecognizeText_Azure_Function":{"runAfter":{"Create_SAS_URI_by_path":["Succeeded"]},"type":"Http","inputs":{"method":"POST","uri":"https://nameplateviewer.azurewebsites.net/api/NameplateRecognizer?code=kBmkxVIbpT46rbKPVLEkdXYdw6f4ncMyqTW2DlQt5mTmMP2hsSqp/A==","body":{"imageUrl":"@{body('Create_SAS_URI_by_path')?['WebUrl']}"}}}},"outputs":{},"description":"Create one or more actions to happen when a button or link in PowerApps is selected. To use this flow from a PowerApp, select the control you want to trigger the flow and go to the Action tab in the PowerApps ribbon and select Flows."},"connectionReferences":{"shared_azureblob":{"connectionName":"shared-azureblob-a30fd8c6-99ad-4018-aa48-63e8cf3e3776","source":"Invoker","id":"/providers/Microsoft.PowerApps/apis/shared_azureblob","tier":"NotSpecified"}},"flowFailureAlertSubscribed":false}}